{
  "best_metric": "pearson",
  "best_val": 0.7574354410171509,
  "label_map": null,
  "label_zscore": {
    "mean": 16.968162536621094,
    "scope": "train+valid+test",
    "std": 7.549408435821533
  },
  "mode": "full_finetune",
  "out_dir": "*******",
  "seed": 56,
  "task": {
    "num_classes": 1,
    "task_type": "regression"
  },
  "test": {
    "loss": 0.5328687922646222,
    "metrics": {
      "mse": 0.5334066152572632,
      "pearson": 0.6923786997795105,
      "r2": 0.4502764344215393
    }
  },
  "train": {
    "loss": 0.12816791119596085,
    "metrics": {
      "mse": 0.12825772166252136,
      "pearson": 0.9417699575424194,
      "r2": 0.8775599598884583
    }
  },
  "valid": {
    "loss": 0.3229886315514219,
    "metrics": {
      "mse": 0.32484278082847595,
      "pearson": 0.7574354410171509,
      "r2": 0.5382276773452759
    }
  }
}