{
  "best_metric": "f1_weighted",
  "best_val": 0.6874467178175618,
  "label_map": null,
  "mode": "full_finetune",
  "out_dir": "*******",
  "seed": 0,
  "task": {
    "num_classes": 3,
    "task_type": "classification"
  },
  "test": {
    "loss": 0.5815514822800955,
    "metrics": {
      "acc": 0.7021276354789734,
      "f1_weighted": 0.6863632463967055
    }
  },
  "train": {
    "loss": 0.5558658358527393,
    "metrics": {
      "acc": 0.7415384650230408,
      "f1_weighted": 0.7227444522857367
    }
  },
  "valid": {
    "loss": 0.6656059126059214,
    "metrics": {
      "acc": 0.695652186870575,
      "f1_weighted": 0.6874467178175618
    }
  }
}