{
  "best_metric": "pearson",
  "best_val": 0.9297806024551392,
  "label_map": null,
  "label_zscore": {
    "mean": 45.1582145690918,
    "scope": "train+valid+test",
    "std": 17.434295654296875
  },
  "mode": "full_finetune",
  "out_dir": "*******",
  "seed": 0,
  "task": {
    "num_classes": 1,
    "task_type": "regression"
  },
  "test": {
    "loss": 0.18668527786548322,
    "metrics": {
      "mse": 0.19046573340892792,
      "pearson": 0.9010725617408752,
      "r2": 0.7949459552764893
    }
  },
  "train": {
    "loss": 0.024020483719968153,
    "metrics": {
      "mse": 0.02448166161775589,
      "pearson": 0.996532142162323,
      "r2": 0.9760788083076477
    }
  },
  "valid": {
    "loss": 0.13933823789869035,
    "metrics": {
      "mse": 0.14148345589637756,
      "pearson": 0.9297806024551392,
      "r2": 0.8473049402236938
    }
  }
}