{
  "best_metric": "pearson",
  "best_val": 0.9436279535293579,
  "label_map": null,
  "label_zscore": {
    "mean": 36.371089935302734,
    "scope": "train+valid+test",
    "std": 21.256240844726562
  },
  "mode": "full_finetune",
  "out_dir": "*******",
  "seed": 0,
  "task": {
    "num_classes": 1,
    "task_type": "regression"
  },
  "test": {
    "loss": 0.11612842469721248,
    "metrics": {
      "mse": 0.12149880826473236,
      "pearson": 0.9439340829849243,
      "r2": 0.8865249156951904
    }
  },
  "train": {
    "loss": 0.049549106915023115,
    "metrics": {
      "mse": 0.04975951090455055,
      "pearson": 0.9743869304656982,
      "r2": 0.9489938020706177
    }
  },
  "valid": {
    "loss": 0.1095258171359698,
    "metrics": {
      "mse": 0.11006426811218262,
      "pearson": 0.9436279535293579,
      "r2": 0.8902817964553833
    }
  }
}