{
  "best_metric": "f1_weighted",
  "best_val": 0.9293690180786954,
  "label_map": null,
  "mode": "full_finetune",
  "out_dir": "*******",
  "seed": 0,
  "task": {
    "num_classes": 3,
    "task_type": "classification"
  },
  "test": {
    "loss": 1.004227365925908,
    "metrics": {
      "acc": 0.7297297716140747,
      "f1_weighted": 0.7474055450799637
    }
  },
  "train": {
    "loss": 0.006497750769305075,
    "metrics": {
      "acc": 1.0,
      "f1_weighted": 1.0
    }
  },
  "valid": {
    "loss": 0.3607738994178362,
    "metrics": {
      "acc": 0.9285714626312256,
      "f1_weighted": 0.9293690180786954
    }
  }
}